"id";"geom";"address";"is_locked";"station_type";"totalplaces";"rides_per_day"
"351";"POINT (37.572725 55.6880358)";"ул. Дмитрия Ульянова, д.22, к.1 (ст. м. Академическая)";"False";"Велосипед";"18";
"116";"POINT (37.5997612 55.7708538)";"ул. Садовая-Тиумфальная, д.4/10";"False";"Велосипед";"12";
"652";"POINT (37.684929 55.768817)";"2-я Бауманская ул., д.3";"False";"Велосипед";"15";
"477";"POINT (37.663779 55.7888271)";"3-я Рыбинская ул., д.30";"False";"Велосипед";"9";
"273";"POINT (37.60075 55.7107)";"ул. Орджоникидзе (напротив д.5)";"False";"Велосипед";"12";
"51";"POINT (37.58883 55.75285)";"ул. Новый Арбат, д.22";"False";"Велосипед";"12";
"394";"POINT (37.5629419 55.6771438)";"Нахимовский пр-т, д.51/21 (ст. м. Профсоюзная, выход №7)";"False";"Велосипед";"12";
"272";"POINT (37.622305 55.710801)";"ул. Большая Тульская, д.13";"False";"Велосипед";"12";
"539";"POINT (37.714144 55.794816)";"Преображенская пл., д.12 (ст. м. Преображенская площадь)";"False";"Велосипед";"21";
"278";"POINT (37.62041 55.69684)";"Варшавское ш., д.12";"False";"Велосипед";"12";
"426";"POINT (37.57815 55.78834)";"5-я ул. Ямского поля, д.24";"False";"Велосипед";"15";
"424";"POINT (37.57797 55.78045)";"Ленинградский пр-т, д.14, к.1";"False";"Велосипед";"15";
"406";"POINT (37.6002618 55.7798721)";"ул. Новослободская, д.11, стр.1";"False";"Велосипед";"12";
"433";"POINT (37.635781 55.7922984)";"пр-т Мира, д.92, стр.2 (ст. м. Рижская)";"False";"Велосипед";"30";
"364";"POINT (37.5201069 55.6836121)";"ул. Марии Ульяновой, д.16";"False";"Велосипед";"12";
"491";"POINT (37.6944615 55.7940252)";"ул. Стромынка, д.13 (пересеч. с ул. Короленко)";"False";"Велосипед";"15";
"462";"POINT (37.6548139 55.7723539)";"Рязанский пр., Комсомольская пл., д.2";"False";"Велосипед";"12";
"605";"POINT (37.664271 55.7311383)";"3-й Крутицкий пер., д.13, стр.2 (ст. м. Пролетарская)";"False";"Велосипед";"24";
"309";"POINT (37.5710478 55.6651369)";"ул. Болотниковская (парк им. 70-ти летия Победы)";"False";"Велосипед";"12";
"345";"POINT (37.576594 55.708218)";"ул. Косыгина, д.2, стр.19";"False";"Велосипед";"12";
"436";"POINT (37.64036 55.787)";"ул. Большая Переяславская, д.15";"False";"Велосипед";"15";
"292";"POINT (37.5539 55.66923)";"ул. Профсоюзная, д.43 (ст. м. Новые Черёмушки, выход №2)";"False";"Велосипед";"12";
"509";"POINT (37.51517 55.80443)";"Ленинградский пр-т, д.73 (ст. м. Сокол, выход №1)";"False";"Велосипед";"15";
"437";"POINT (37.5660673 55.8818528)";"ул. 800-летия Москвы, д.11, к.1";"True";"Велосипед";"15";
"236";"POINT (37.5719413 55.7654099)";"ул. Малая Грузинская, д.19/2";"False";"Велосипед";"12";
"263";"POINT (37.6223722 55.7241978)";"ул. Люсиновская, д.12";"False";"Велосипед";"12";
"271";"POINT (37.621316 55.7120063)";"ул. Мытная, д.74";"False";"Велосипед";"24";
"22";"POINT (37.6101276 55.7464818)";"Кремлёвская наб., д.1";"False";"Велосипед";"15";
"417";"POINT (37.6168972 55.7935234)";"ул. Шереметьевская, д.2 (ст. м. Марьина Роща, выход №5)";"False";"Велосипед";"12";
"475";"POINT (37.6414493 55.8224303)";"Продольный пр-д, д.115А (ст. м. ВДНХ, северный вестибюль)";"False";"Велосипед";"24";
"493";"POINT (37.7067 55.80549)";"ул. Краснобогатырская, д.62";"False";"Велосипед";"12";
"454";"POINT (37.5548583 55.8712028)";"Бескудниковский б-р, д.29, к.1";"True";"Велосипед";"12";
"529";"POINT (37.54917 55.80034)";"ул. Планетная, д.17";"False";"Велосипед";"15";
"482";"POINT (37.5942708 55.8133394)";"ул. Руставели, д.12/13";"False";"Велосипед";"12";
"227";"POINT (37.546261 55.764887)";"Звенигородское ш., д.15/11";"False";"Велосипед";"15";
"500";"POINT (37.5212052 55.7779297)";"Хорошёвское ш., д.82 (ст. м. Полежаевская)";"False";"Велосипед";"15";
"282";"POINT (37.51531 55.68228)";"пр-т Вернадского, д.12";"False";"Велосипед";"15";
"149";"POINT (37.637229 55.7299466)";"Павелецкая пл., д.1А";"False";"Велосипед";"12";
"478";"POINT (37.6599869 55.7925135)";"ул. Сокольнический Вал, д.8";"False";"Велосипед";"24";
"390";"POINT (37.5192587 55.6527248)";"ул. Академика Волгина, д.6";"False";"Велосипед";"12";
"311";"POINT (37.560729 55.697476)";"Ленинский пр-т, д.54";"False";"Велосипед";"12";
"505";"POINT (37.53099 55.7822)";"ул. Гризодубовой, д.2";"False";"Велосипед";"15";
"261";"POINT (37.6197354 55.7273527)";"4-й Добрынинский пер., д.2/10";"False";"Велосипед";"12";
"502";"POINT (37.51299 55.79227)";"3-я Песчаная ул., д.2";"False";"Велосипед";"15";
"280";"POINT (37.62275 55.68397)";"Варшавское ш., д.26 (ст. м. Нагатинская)";"False";"Велосипед";"12";
"42";"POINT (37.6142074 55.7584711)";"Георгиевский пер., д.2";"False";"Велосипед";"12";
"239";"POINT (37.5659411 55.7590698)";"Нововаганьковский пер., д.9";"False";"Велосипед";"12";
"117";"POINT (37.60339 55.77198)";"ул. Садовая-Триумфальная, д.22/31";"False";"Велосипед";"18";
"113";"POINT (37.5907248 55.765695)";"ул. Садовая-Кудринская, д.32, стр.2";"False";"Велосипед";"12";
"257";"POINT (37.51768 55.73511)";"ул. Генерала Ермолова, д.4";"False";"Велосипед";"12";
"461";"POINT (37.6465038 55.7720802)";"Орликов пер., д.3, стр.7  (со стороны пр. Академика Сахарова)";"False";"Велосипед";"12";
"328";"POINT (37.604728 55.6416745)";"Балаклавский пр-т, д.16 (ст. м. Чертановская, выход №3)";"False";"Велосипед";"12";
"525";"POINT (37.5252605 55.8112525)";"ул. Часовая, д.24, стр.3";"False";"Велосипед";"15";
"650";"POINT (37.660107 55.76547)";"ул. Старая Басманная, д.15, стр.2 (Сад им. Баумана)";"False";"Велосипед";"15";
"291";"POINT (37.5975719 55.6464942)";"ул. Азовская, напротив д.24";"False";"Велосипед";"10";
"15";"POINT (37.636329 55.765334)";"Тургеневская пл. (ст. м. Тургеневская)";"False";"Велосипед";"15";
"226";"POINT (37.5605165 55.7540692)";"Краснопресненская наб., д.10, стр.5";"False";"Велосипед";"21";
"440";"POINT (37.6334722 55.7804054)";"пр-т Мира, д.40 (рядом со ст. м. Проспект Мира (кольцевая))";"False";"Велосипед";"12";
"48";"POINT (37.5943833 55.7712466)";"1-я Тверская-Ямская ул., д.4 (ст. м. Маяковская, выход на 1-ю Тверскую-Ямскую ул.)";"False";"Велосипед";"18";
"447";"POINT (37.63841 55.81359)";"пр-т Мира, д.122";"False";"Велосипед";"15";
"57";"POINT (37.6328433 55.748202)";"Раушская наб., д.14";"False";"Велосипед";"12";
"602";"POINT (37.6606868 55.7301414)";"ул. Симоновский Вал, д.2";"False";"Велосипед";"15";
"506";"POINT (37.5198 55.78611)";"пр-д Берёзовой Рощи, д.2";"True";"Велосипед";"15";
"331";"POINT (37.557668 55.6736328)";"ул. Профсоюзная, д.46, к.1";"False";"Велосипед";"12";
"251";"POINT (37.5409806 55.7521422)";"1-й Красногвардейский пр-д, д.13, стр.1";"False";"Велосипед";"12";
"104";"POINT (37.5852946 55.7414275)";"Смоленский б-р, д.22/14";"False";"Велосипед";"18";
"5";"POINT (37.5999825 55.7553104)";"Никитский б-р (напротив д.11/12, стр.3)";"False";"Велосипед";"12";
"456";"POINT (37.6726 55.77471)";"ул. Нижняя Красносельская, д.40/12, к.11";"False";"Велосипед";"15";
"315";"POINT (37.605352 55.724388)";"Ленинский пр-т, д.9, стр.3";"False";"Велосипед";"12";
"366";"POINT (37.5950285 55.6731877)";"Нагорный б-р, д.7";"False";"Велосипед";"12";
"307";"POINT (37.5775101 55.7012679)";"ул. Вавилова, д.24";"False";"Велосипед";"12";
"397";"POINT (37.573843 55.687648)";"ул. Дмитрия Ульянова, д.24 (ст. м. Академическая)";"False";"Велосипед";"18";
"531";"POINT (37.55366 55.79435)";"Дворцовая аллея (Пл. Космонавта Комарова)";"False";"Велосипед";"15";
"427";"POINT (37.5824392 55.78876254)";"ул. Правды, д.24, стр.4";"False";"Велосипед";"15";
"604";"POINT (37.665312 55.7323179)";"ул. Воронцовская, д.50 (ст. м. Крестьянская Застава)";"False";"Велосипед";"15";
"283";"POINT (37.49052 55.67204)";"пр-т Вернадского, д.76А";"False";"Велосипед";"15";
"347";"POINT (37.5890604 55.6914923)";"ул. Шверника, д.13, к.1";"True";"Велосипед";"12";
"54";"POINT (37.592209 55.747411)";"пер. Сивцев Вражек, д.26, стр.1";"False";"Велосипед";"12";
"305";"POINT (37.5745946 55.678373)";"ул. Кржижановского, вл.22, стр.2";"False";"Велосипед";"12";
"4";"POINT (37.5874544 55.7591806)";"ул. Малая Никитская, д.24, стр.2";"False";"Велосипед";"12";
"321";"POINT (37.540695 55.6841473)";"Ленинский пр-т, д.79";"False";"Велосипед";"12";
"35";"POINT (37.623177 55.762217)";"ул. Кузнецкий мост, д.13/9, стр.1";"False";"Велосипед";"18";
"472";"POINT (37.6299313 55.8154706)";"Звёздный б-р, д.18/1";"False";"Велосипед";"12";
"444";"POINT (37.6393391 55.8195275)";"пр-т Мира, д.111 (ст. м. ВДНХ, выход к Звёздному бульвару)";"False";"Велосипед";"12";
"6";"POINT (37.598667 55.757163)";"Никитский б-р (напротив д.23/14/9)";"False";"Велосипед";"15";
"446";"POINT (37.6541501 55.8339685)";"пр-т Мира, д.163";"False";"Велосипед";"12";
"537";"POINT (37.6011372 55.8142078)";"ул. Руставели, д.19 (ст. м.  Бутырская)";"False";"Велосипед";"24";
"445";"POINT (37.647529 55.8277664)";"ул. Сергея Эйзенштейна, д.1";"False";"Велосипед";"12";
"86";"POINT (37.5916535 55.7724933)";"1-я Тверская-Ямская ул., д.11";"False";"Велосипед";"15";
"252";"POINT (37.5862313 55.7344493)";"ул. Льва Толстого (напротив д.21)";"False";"Велосипед";"8";
"343";"POINT (37.554776 55.706491)";"ул. Косыгина, д.18, стр.1";"False";"Велосипед";"24";
"363";"POINT (37.5838691 55.6712381)";"Нахимовский пр-т, д.24";"False";"Велосипед";"12";
"285";"POINT (37.51384 55.67341)";"ул. Удальцова, д.6";"False";"Велосипед";"12";
"327";"POINT (37.5883617 55.6516665)";"ул. Каховка, д.2 (пересечение с ул. Одесской)";"False";"Велосипед";"12";
"253";"POINT (37.59244 55.73208)";"Комсомольский пр-т, д.5/2";"False";"Велосипед";"12";
"497";"POINT (37.69265 55.77983)";"ул. Бакунинская, д.73, стр.1";"False";"Велосипед";"12";
"340";"POINT (37.6083998 55.7187566)";"ул. Шаболовка, д.32";"False";"Велосипед";"24";
"512";"POINT (37.54216 55.79538)";"Ленинградский пр-т, д.39, стр.17";"False";"Велосипед";"15";
"523";"POINT (37.53124 55.80132)";"Ленинградский пр-т, д.62А (ст. м. Аэропорт, выход в город к ул. Черняховского)";"False";"Велосипед";"24";
"13";"POINT (37.6257601 55.7598405)";"Театральный пр-д, д.5, стр.1 (ст. м. Лубянка)";"False";"Велосипед";"14";
"416";"POINT (37.6023012 55.7924677)";"ул. Сущёвский Вал, д.16, стр.1";"False";"Велосипед";"12";
"487";"POINT (37.6779952 55.7921729)";"Сокольническая пл., д.7";"False";"Велосипед";"24";
"458";"POINT (37.6641747 55.7671544)";"ул. Старая Басманная, д.21/4, стр.1";"False";"Велосипед";"12";
"2";"POINT (37.5997037 55.7468663)";"Гоголевский б-р (напротив д.17, стр.1)";"False";"Велосипед";"14";
"246";"POINT (37.5622227 55.7490298)";"Кутузовский пр-т, д.7/4, стр.1";"False";"Велосипед";"12";
"128";"POINT (37.6429131 55.7703931)";"ул. Садовая-Спасская (напротив д.26)";"False";"Велосипед";"18";
"339";"POINT (37.5145855 55.6589469)";"ул. Обручева, д.16, к.1";"False";"Велосипед";"12";
"538";"POINT (37.589078 55.8218449)";"ул. Милашенкова, д.1 (ст. м. Фонвизинская)";"False";"Велосипед";"24";
"600";"POINT (37.6763299 55.717707)";"ул. Шарикоподшипниковская, д.24 (ст. м. Дубровка, выход №3)";"False";"Велосипед";"15";
"344";"POINT (37.564743 55.706876)";"ул. Косыгина, д.8, стр.2";"False";"Велосипед";"12";
"335";"POINT (37.539523 55.6565141)";"ул. Профсоюзная, д.82, к.1 (ст. м. Калужская)";"False";"Велосипед";"12";
"534";"POINT (37.603052 55.818213)";"ул. Дубовая Роща, д.21 (платформа ""Останкино"")";"True";"Велосипед";"12";
"152";"POINT (37.595854 55.736359)";"Турчанинов пер., д.3, стр. 1 (ст. м. Парк Культуры)";"False";"Велосипед";"12";
"428";"POINT (37.5841 55.79185)";"ул. Нижняя Масловка, д.5, к.1";"False";"Велосипед";"15";
"603";"POINT (37.657647 55.7082873)";"ул. Мастеркова, д.3 (ст. м. Автозаводская)";"False";"Велосипед";"15";
"383";"POINT (37.543148 55.637955)";"ул. Миклухо-Маклая, д.44 (вход в Битцевский парк)";"False";"Велосипед";"12";
"230";"POINT (37.5730793 55.7724736)";"ул. Малая Грузинская, д.41";"False";"Велосипед";"12";
"301";"POINT (37.545765 55.700717)";"пр-т Вернадского, ост. Университетский пр-т";"False";"Велосипед";"12";
"381";"POINT (37.5137244 55.6477514)";"ул. Академика Волгина, д.21";"False";"Велосипед";"12";
"38";"POINT (37.634929 55.7576991)";"ул. Маросейка, д.9";"False";"Велосипед";"12";
"359";"POINT (37.533756 55.695176)";"Ломоносовский пр-т (дублёр, напротив д.1, стр.64)";"False";"Велосипед";"18";
"254";"POINT (37.55293 55.75851)";"Шмитовский пр-д, д.9/5";"False";"Велосипед";"12";
"503";"POINT (37.5272596 55.7918581)";"ул. Авиаконструктора Микояна, д.10";"False";"Велосипед";"15";
"377";"POINT (37.60489 55.640518)";"ст. м. Чертановская (выход №5)";"False";"Велосипед";"12";
"453";"POINT (37.5897749 55.8459731)";"ст. м. Владыкино";"False";"Велосипед";"24";
"47";"POINT (37.6116459 55.7700911)";"ул. Каретный Ряд, д.3, стр.11";"False";"Велосипед";"12";
"501";"POINT (37.51401 55.78389)";"ул. Куусинена, д.13";"False";"Велосипед";"15";
"319";"POINT (37.550726 55.69062)";"Ленинский пр-т, д.69";"False";"Велосипед";"15";
"1";"POINT (37.6020183 55.7449006)";"ст. м. Кропоткинская (выход к Гоголевскому бульвару)";"False";"Велосипед";"12";
"76";"POINT (37.6286203 55.7420854)";"ул. Пятницкая, д.25, стр.1Д (рядом со ст. м. Новокузнецкая)";"False";"Велосипед";"16";
"106";"POINT (37.582947 55.748114)";"Смоленская пл., д.6, стр.1 (рядом со ст. м. Смоленская)";"False";"Велосипед";"12";
"528";"POINT (37.53454 55.80364)";"ул. Черняховского, д.4А";"False";"Велосипед";"15";
"110";"POINT (37.584875 55.75849)";"Кудринская пл., д.46/54, стр.1";"False";"Велосипед";"12";
"496";"POINT (37.70286 55.78491)";"ул. Электрозаводская, д.21, стр.13";"False";"Велосипед";"12";
"8";"POINT (37.601473 55.761072)";"Тверской б-р (напротив д.17, стр.1)";"False";"Велосипед";"14";
"485";"POINT (37.5741987 55.8191407)";"Дмитровское ш., д.13А, к.3 (ст. м. Тимирязевская)";"False";"Велосипед";"12";
"455";"POINT (37.6661093 55.7798124)";"ул. Краснопрудная, д.13А (ст. м. Красносельская)";"False";"Велосипед";"18";
"346";"POINT (37.5931 55.71599)";"Ленинский пр-т, д.27";"False";"Велосипед";"12";
"71";"POINT (37.6417277 55.7434283)";"Космодамианская наб., д.22, стр.1";"False";"Велосипед";"12";
"370";"POINT (37.5389143 55.6649089)";"ул. Воронцовские Пруды, д.3";"False";"Велосипед";"12";
"267";"POINT (37.637515 55.726421)";"ул. Дубининская, д.25, стр.1";"False";"Велосипед";"12";
"229";"POINT (37.5525262 55.764259)";"Звенигородское ш., д.7";"False";"Велосипед";"12";
"304";"POINT (37.6121883 55.7277408)";"Калужская пл., д.1, к.3";"False";"Велосипед";"12";
"448";"POINT (37.66064 55.81372)";"Рижский пр-д, д.8";"False";"Велосипед";"15";
"52";"POINT (37.6014341 55.7530475)";"Никитский б-р (напротив д.8А/3,  стр.1)";"False";"Велосипед";"12";
"146";"POINT (37.65385 55.74229)";"ул. Верхняя Радищевская, д.22 (ст. м. Таганская)";"False";"Велосипед";"12";
"607";"POINT (37.6639974 55.7232251)";"ул. Симоновский Вал, д.13, к.2";"False";"Велосипед";"15";
"438";"POINT (37.6531 55.81177)";"ул. Маломосковская, д.22, стр.1";"False";"Велосипед";"15";
"382";"POINT (37.526472 55.642252)";"ул. Профсоюзная, д.91 (ст. м. Беляево, южный вестибюль)";"False";"Велосипед";"12";
"511";"POINT (37.53027 55.80055)";"Ленинградский пр-т, д.49/2 (ст. м. Аэропорт)";"False";"Велосипед";"15";
"322";"POINT (37.5201768 55.6705635)";"Ленинский пр-т, д.99";"False";"Велосипед";"12";
"84";"POINT (37.6352882 55.7373622)";"ул. Большая Татарская, д.35";"False";"Велосипед";"12";
"276";"POINT (37.49521 55.70393)";"ул. Мосфильмовская, д.55";"False";"Велосипед";"15";
"513";"POINT (37.56091 55.78654)";"Ленинградский пр-т, д.33, к.1";"False";"Велосипед";"15";
"237";"POINT (37.5655623 55.7692458)";"ул. Пресненский Вал, д.24";"False";"Велосипед";"12";
"473";"POINT (37.6042362 55.8218703)";"ул. Академика Королёва, д.12А";"False";"Велосипед";"12";
"69";"POINT (37.610879 55.7390438)";"Якиманская наб., д.2";"False";"Велосипед";"18";
"262";"POINT (37.6220242 55.7209237)";"ул. Люсиновская, д.48/50, к.10 (пересеч. с ул. Павла Андреева)";"False";"Велосипед";"12";
"379";"POINT (37.541377 55.642636)";"ул. Введенского, д.13А";"True";"Велосипед";"12";
"348";"POINT (37.5159465 55.7155927)";"ул. Мосфильмовская, д.17/25";"False";"Велосипед";"12";
"320";"POINT (37.546468 55.688153)";"Ленинский пр-т, д.73/8";"False";"Велосипед";"15";
"115";"POINT (37.594487 55.768127)";"Триумфальная пл., д.2 (вход в сад Аквариум)";"False";"Велосипед";"20";
"504";"POINT (37.53766 55.78664)";"Ходынский б-р, д.3";"False";"Велосипед";"15";
"60";"POINT (37.6331175 55.7617374)";"ул. Мясницкая, д.11";"False";"Велосипед";"12";
"415";"POINT (37.5905396 55.7914268)";"ул. Сущёвский Вал, д.2";"False";"Велосипед";"12";
"399";"POINT (37.6057778 55.653513)";"Симферопольский б-р, д.15, к.5";"False";"Велосипед";"12";
"289";"POINT (37.59469 55.66734)";"Нахимовский пр-т, д.10";"False";"Велосипед";"12";
"613";"POINT (37.6637295 55.7170746)";"ул. Велозаводская, д.2";"False";"Велосипед";"15";
"268";"POINT (37.62786 55.72113)";"ул. Павловская, д.7";"False";"Велосипед";"12";
"452";"POINT (37.6364267 55.8434843)";"ст. м. Ботанический сад (ул. Вильгельма Пика)";"False";"Велосипед";"12";
"615";"POINT (37.6699924 55.7394363)";"ул. Таганская, д.31/22";"False";"Велосипед";"12";
"522";"POINT (37.53978 55.79759)";"Ленинградский пр-т, д.54/1";"False";"Велосипед";"15";
"329";"POINT (37.5372313 55.6760559)";"ул. Гарибальди, д.6, к.1";"False";"Велосипед";"12";
"44";"POINT (37.596239 55.766531)";"Благовещенский пер., д.1";"False";"Велосипед";"12";
"401";"POINT (37.589687 55.775457)";"2-я Тверская-Ямская ул., д.54";"False";"Велосипед";"12";
"490";"POINT (37.6871517 55.7919252)";"ул. Стромынка, д.7, к.4";"False";"Велосипед";"12";
"527";"POINT (37.53773 55.80669)";"ул. Черняховского, д.15/2, к.1";"False";"Велосипед";"15";
"601";"POINT (37.6531291 55.7390591)";"ул. Б. Каменщики, д.2 (ст. м. Таганская (радиальная))";"False";"Велосипед";"15";
"119";"POINT (37.6086074 55.7735332)";"ул. Краснопролетарская (напротив д.2/4, стр.3)";"False";"Велосипед";"12";
"286";"POINT (37.54503 55.6734)";"ул. Гарибальди, д.20/29, к.2";"False";"Велосипед";"12";
"306";"POINT (37.57283 55.69826)";"ул. Вавилова, д.32, стр.1";"False";"Велосипед";"12";
"376";"POINT (37.5820766 55.6450878)";"Балаклавский пр-т, д.34, к.1";"False";"Велосипед";"12";
"507";"POINT (37.5145568 55.7991006)";"ул. Новопесчаная, д.10, стр.1";"False";"Велосипед";"15";
"279";"POINT (37.4960798 55.6946806)";"Мичуринский пр-т, д.31, к.4";"False";"Велосипед";"15";
"338";"POINT (37.5268164 55.6667781)";"ул. Новаторов (пересечение с ул. Воронцовские Пруды)";"True";"Велосипед";"12";
"202";"POINT (37.583821 55.727509)";"Комсомольский пр-т (пересеч. с 1-ой Фрунзенской ул.)";"False";"Велосипед";"12";
"419";"POINT (37.58714 55.78427)";"ул. Бутырский Вал, д.32";"False";"Велосипед";"15";
"543";"POINT (37.705593 55.7819567)";"ул. Б. Семёновская, вл.26 (ст. м. Электрозаводская)";"False";"Велосипед";"24";
"412";"POINT (37.6182931 55.776646)";"ул. Самотечная, д.9";"False";"Велосипед";"12";
"610";"POINT (37.65628 55.735005)";"ул. Б. Каменщики, д.8";"False";"Велосипед";"12";
"532";"POINT (37.56551 55.79306)";"ул. Верхняя Масловка, д.10, стр.4";"False";"Велосипед";"15";
"535";"POINT (37.64668 55.82667)";"пр-т Мира, д.123";"False";"Велосипед";"12";
"72";"POINT (37.645943 55.7364956)";"Космодамианская наб., д.46/50";"False";"Велосипед";"20";
"281";"POINT (37.49097 55.68298)";"ул. Удальцова, д.40А";"False";"Велосипед";"15";
"510";"POINT (37.52036 55.80273)";"Чапаевский пер., д.2";"False";"Велосипед";"15";
"259";"POINT (37.5683739 55.7371931)";"Саввинская наб., д.9";"False";"Велосипед";"21";
"232";"POINT (37.586215 55.7733)";"2-я Брестская ул., д.31";"False";"Велосипед";"12";
"409";"POINT (37.60095 55.77946)";"ул. Новослободская, д.2 (ст. м. Новослободская)";"False";"Велосипед";"24";
"288";"POINT (37.5492 55.66466)";"ул. Профсоюзная, д.55";"False";"Велосипед";"12";
"521";"POINT (37.5455944 55.7950047)";"Ленинградский пр-т, д.44";"False";"Велосипед";"15";
"17";"POINT (37.641671 55.763247)";"Чистопрудный б-р (напротив  д.8, стр.1)";"False";"Велосипед";"8";
"212";"POINT (37.550435 55.727595)";"Хамовнический Вал, д.40, стр.1";"False";"Велосипед";"34";
"28";"POINT (37.6248436 55.7606867)";"ул. Пушечная, д.11";"False";"Велосипед";"12";
"404";"POINT (37.5959992 55.776466)";"ул. Чаянова, д.15";"False";"Велосипед";"12";
"353";"POINT (37.6090521 55.6716545)";"ул. Криворожская, д.33Г";"False";"Велосипед";"12";
"249";"POINT (37.5370538 55.7391344)";"Кутузовский пр-т, д.35/30";"False";"Велосипед";"20";
"398";"POINT (37.6180912 55.6530518)";"Чонгарский б-р, д.1, к.1 (ст. м. Варшавская, выход №2)";"False";"Велосипед";"12";
"255";"POINT (37.55135 55.7612)";"ул. Костикова (2-я Звенигородская ул., д.13, стр.42)";"False";"Велосипед";"24";
"489";"POINT (37.679857 55.789152)";"ст. м. Сокольники";"False";"Велосипед";"24";
"515";"POINT (37.506187 55.776742)";"МЦК Хорошёво";"False";"Велосипед";"27";
"74";"POINT (37.620018 55.73218)";"ул. Большая Полянка, д.50/1, стр.1";"False";"Велосипед";"12";
"225";"POINT (37.5706888 55.7615452)";"ул. Красная Пресня, д.21";"False";"Велосипед";"15";
"138";"POINT (37.6571565 55.7610338)";"ул. Земляной Вал, д.14/16, стр.1";"False";"Велосипед";"18";
"418";"POINT (37.60152 55.78241)";"ул. Сущёвская, д.21, стр.10";"False";"Велосипед";"12";
"83";"POINT (37.6167027 55.7396445)";"ул. Большая Якиманка (напротив д.18)";"False";"Велосипед";"18";
"63";"POINT (37.605304 55.738605)";"Пречистенская наб., д.15, стр.2";"False";"Велосипед";"15";
"333";"POINT (37.5397093 55.6560575)";"ул. Профсоюзная, д.61А (ст. м. Калужская)";"False";"Велосипед";"12";
"45";"POINT (37.596613 55.769393)";"ул. Тверская, д.31/4, стр.2 (ст.м. Маяковская, выход на Тверскую ул.)";"False";"Велосипед";"18";
"484";"POINT (37.5880136 55.8126995)";"ул. Руставели (напротив д.6, к.5)";"False";"Велосипед";"12";
"274";"POINT (37.59906 55.70806)";"5-й Донской пр-д, д.15";"False";"Велосипед";"12";
"540";"POINT (37.7188593 55.7829536)";"ст. м. Семёновская";"False";"Велосипед";"24";
"471";"POINT (37.6095579 55.8218255)";"ул. Академика Королёва, д.12Б";"False";"Велосипед";"12";
"223";"POINT (37.55125 55.755955)";"ул. Мантулинская, д.5, стр.21";"False";"Велосипед";"12";
"526";"POINT (37.528 55.80559)";"ул. Усиевича, д.12-14";"False";"Велосипед";"15";
"352";"POINT (37.530847 55.701597)";"ул. Академика Хохлова (у входа в ГЗ МГУ)";"False";"Велосипед";"36";
"287";"POINT (37.48128 55.66072)";"пр-т Вернадского, д.86Д";"False";"Велосипед";"15";
"524";"POINT (37.5212331 55.8037654)";"Ленинградский пр-т, д.68";"False";"Велосипед";"15";
"362";"POINT (37.561994 55.678516)";"Нахимовский пр-т, д.46 (ст. м. Профсоюзная, выход №3)";"False";"Велосипед";"15";
"102";"POINT (37.5861519 55.7383154)";"Зубовская пл., д.3, стр.1";"False";"Велосипед";"24";
"312";"POINT (37.556333 55.694853)";"Ленинский пр-т, д.60/2";"False";"Велосипед";"12";
"498";"POINT (37.64387 55.82257)";"пр-т Мира, д.150";"False";"Велосипед";"15";
"158";"POINT (37.6102521 55.7301022)";"ул. Крымский Вал, д.3 (ст. м. Октябрьская)";"False";"Велосипед";"24";
"290";"POINT (37.61995 55.66388)";"Варшавское ш., д.58, стр.3";"False";"Велосипед";"12";
"494";"POINT (37.71148 55.80138)";"ул. Краснобогатырская, д.89";"False";"Велосипед";"12";
"469";"POINT (37.6159792 55.8189299)";"ул. Академика Королёва, д.15, к.2";"False";"Велосипед";"12";
"460";"POINT (37.5765806 55.7835199)";"ул. Правды, д.4/19";"False";"Велосипед";"12";
"533";"POINT (37.602618 55.798216)";"ул. Полковая, д.1, стр.2";"False";"Велосипед";"12";
"300";"POINT (37.5073382 55.7032223)";"Мичуринский пр-т, д.12, к.1";"False";"Велосипед";"12";
"499";"POINT (37.674249 55.7995391)";"5-й Лучевой просек, д.5А, стр.1 (парк Сокольники)";"False";"Велосипед";"28";
"608";"POINT (37.6663363 55.7110537)";"ул. Велозаводская, д.11/1";"False";"Велосипед";"15";
"284";"POINT (37.49611 55.67144)";"пр-т Вернадского, д.70А";"False";"Велосипед";"12";
"265";"POINT (37.6178259 55.7204756)";"ул. Мытная, д.15";"False";"Велосипед";"12";
"111";"POINT (37.5848176 55.7597006)";"ул. Садовая-Кудринская, д.1-3а";"False";"Велосипед";"12";
"342";"POINT (37.5300029 55.7233339)";"ул. Мосфильмовская, д.1, стр.4";"False";"Велосипед";"12";
"459";"POINT (37.6520953 55.7724956)";"ул. Каланчёвская, д.15А";"False";"Велосипед";"12";
"16";"POINT (37.6316201 55.7599141)";"ул. Мясницкая, д.10";"False";"Велосипед";"10";
"62";"POINT (37.5977164 55.7434021)";"ул. Пречистенка, д.12/2, стр.1";"False";"Велосипед";"18";
"488";"POINT (37.6759952 55.7865463)";"ул. Маленковская, д.25";"False";"Велосипед";"15";
"360";"POINT (37.535463 55.693257)";"пл. Джавахарлала Неру, д.1 (ст. м. Университет, выход №2)";"False";"Велосипед";"30";
"463";"POINT (37.6501702 55.7763965)";"ул. Каланчёвская, д.10, стр.3";"False";"Велосипед";"12";
"385";"POINT (37.4953587 55.6440884)";"ул. Островитянова, д.7";"False";"Велосипед";"12";
"476";"POINT (37.64044 55.81938)";"пр-т Мира, д.142, стр.2 (ст. м. ВДНХ, выход к ул. Кибальчича)";"False";"Велосипед";"15";
"371";"POINT (37.5595989 55.6608021)";"ул. Новочерёмушкинская, д.71/32";"False";"Велосипед";"12";
"492";"POINT (37.6994467 55.7943402)";"ул. Стромынка, д.20 (Технологический университет)";"False";"Велосипед";"21";
"655";"POINT (37.692317 55.775968)";"ул. Большая Почтовая, д.7, стр. 1";"False";"Велосипед";"15";
"41";"POINT (37.634688 55.754015)";"Славянская площадь (напротив д.2)";"False";"Велосипед";"15";
"46";"POINT (37.6043076 55.7657169)";"ул. Тверская, д.18";"False";"Велосипед";"18";
"439";"POINT (37.6320952 55.7761657)";"пр-т Мира, д.11";"False";"Велосипед";"12";
"224";"POINT (37.5465367 55.748965)";"Краснопресненская наб., д.14, стр.1";"False";"Велосипед";"21";
"157";"POINT (37.6048252 55.731981)";"ул. Крымский Вал, д.9, стр.1 (напротив входа в Парк Горького)";"False";"Велосипед";"44";
"336";"POINT (37.5323146 55.6505176)";"ул. Профсоюзная, д.88/20";"False";"Велосипед";"12";
"413";"POINT (37.6044645 55.7896632)";"ул. Новосущёвская, д.22, стр.8";"False";"Велосипед";"12";
"606";"POINT (37.670731 55.725931)";"1-я Дубровская ул., д.7/10";"False";"Велосипед";"15";
"260";"POINT (37.6250142 55.7266781)";"ул. Б.Серпуховская, д. 22/21, стр.3 (ст. м. Серпуховская)";"False";"Велосипед";"12";
"308";"POINT (37.579688 55.7015839)";"ул. Вавилова, д.17";"False";"Велосипед";"12";
"423";"POINT (37.6155506 55.8032637)";"ул. Шереметьевская, д.27";"False";"Велосипед";"12";
"100";"POINT (37.5937289 55.7351049)";"Зубовский б-р, д.5, стр.1 (ст. м. Парк Культуры)";"False";"Велосипед";"42";
"313";"POINT (37.550374 55.691214)";"Ленинский пр-т, д.66";"False";"Велосипед";"12";
"150";"POINT (37.629933 55.730521)";"ул. Валовая, д.20";"False";"Велосипед";"12";
"442";"POINT (37.6347031 55.7865412)";"пр-т Мира, д.69, стр.1";"False";"Велосипед";"12";
"12";"POINT (37.621486 55.768003)";"Цветной б-р (напротив д.1, ст. м. Трубная)";"False";"Велосипед";"12";
"479";"POINT (37.6669605 55.7916073)";"ул. Сокольнический Вал (напротив д.28, стр.1)";"False";"Велосипед";"12";
"248";"POINT (37.5572575 55.746226)";"ул. Б. Дорогомиловская, д.7/2";"False";"Велосипед";"12";
"421";"POINT (37.6170397 55.787541)";"ул. Советской Армии, д.8";"False";"Велосипед";"12";
"411";"POINT (37.6144726 55.7817849)";"ул. Селезнёвская, д.29, стр.1 (ст. м. Достоевская)";"False";"Велосипед";"12";
"392";"POINT (37.513659 55.717902)";"ул. Улофа Пальме, д.1";"False";"Велосипед";"12";
"24";"POINT (37.6386809 55.7478923)";"Москворецкая наб., д.2А";"False";"Велосипед";"15";
"429";"POINT (37.63324 55.7904)";"ул. Трифоновская, д.61, к.1";"False";"Велосипед";"12";
"425";"POINT (37.5504943 55.8736631)";"Бескудниковский б-р, д.35, стр.1";"True";"Велосипед";"15";
"495";"POINT (37.71599 55.7907)";"ул. Преображенский Вал, д.24, к.3";"False";"Велосипед";"12";
"141";"POINT (37.6580268 55.7569598)";"ул. Земляной Вал, д.33";"False";"Велосипед";"12";
"154";"POINT (37.610612 55.728329)";"Ленинский пр-т, д. 4 (у главного входа в МИСИС)";"False";"Велосипед";"18";
"234";"POINT (37.581862 55.769853)";"ул. Большая Грузинская, д.39";"False";"Велосипед";"12";
"434";"POINT (37.6363469 55.8016402)";"пр-т Мира, д.102, к.2";"False";"Велосипед";"18";
"316";"POINT (37.6002317 55.7210015)";"Ленинский пр-т, д.15А";"False";"Велосипед";"18";
"211";"POINT (37.5611711 55.7113296)";"ст. м. Воробьёвы горы (Лужники)";"True";"Велосипед";"48";
"403";"POINT (37.599413 55.774431)";"ул. Фадеева, д.4";"False";"Велосипед";"12";
"474";"POINT (37.6341961 55.823283)";"1-я Останкинская ул, д.55";"False";"Велосипед";"12";
"256";"POINT (37.5340619 55.7396177)";"Кутузовский пр-т, д.37 (ст.м. Кутузовская)";"False";"Велосипед";"27";
"654";"POINT (37.6698876 55.7655969)";"Токмаков пер., д.12/20";"False";"Велосипед";"15";
"33";"POINT (37.61731 55.763407)";"Столешников пер. (напротив д.11)";"False";"Велосипед";"10";
"530";"POINT (37.56302 55.8031)";"Петровско-Разумовский пр-д, д.24, к.4";"False";"Велосипед";"15";
"536";"POINT (37.64784 55.82637)";"пр-т Мира, д.182";"False";"Велосипед";"15";
"449";"POINT (37.6468 55.81665)";"ул. Кибальчича, д.9";"False";"Велосипед";"15";
"520";"POINT (37.55936 55.78894)";"ст. м. Динамо (южный выход)";"False";"Велосипед";"21";
"380";"POINT (37.5006237 55.6533607)";"ул. Миклухо-Маклая, д.6";"False";"Велосипед";"12";
"130";"POINT (37.649046 55.768248)";"Хоромный туп, д.2/6 (ст. м. Красные Ворота)";"False";"Велосипед";"24";
"148";"POINT (37.6358074 55.7310887)";"ул. Новокузнецкая, д.43/16, стр.1 (ст. м. Павелецкая (кольцевая))";"False";"Велосипед";"12";
"270";"POINT (37.60758 55.71573)";"ул. Шаболовка, д.43, стр.5";"False";"Велосипед";"12";
"486";"POINT (37.66289 55.82139)";"ул. Космонавтов, д.19";"False";"Велосипед";"15";
"435";"POINT (37.6376553 55.807908)";"пр-т Мира, д.114Б, стр.2 (ст. м. Алексеевская)";"False";"Велосипед";"24";
"387";"POINT (37.5205529 55.6337498)";"ул. Профсоюзная, д.109, Вс.1 (ст. м. Коньково, выход №10)";"False";"Велосипед";"12";"20"
"414";"POINT (37.6098375 55.7892041)";"ул. Образцова, д.19А";"False";"Велосипед";"12";"26"
"3";"POINT (37.6005927778 55.7509180556)";"Гоголевский б-р (напротив д.33)";"False";"Велосипед";"12";"43"
"7";"POINT (37.6086772 55.7574181)";"Газетный пер., д.6";"False";"Велосипед";"30";"30"
"9";"POINT (37.6052356 55.7646115)";"Тверской б-р (напротив д.28)";"False";"Велосипед";"20";"111"
"10";"POINT (37.6094894444 55.7667105556)";"Страстной б-р (напротив д.8А)";"False";"Велосипед";"14";"62"
"18";"POINT (37.645665 55.760381)";"Чистопрудный б-р (напротив д.12, стр.1)";"False";"Велосипед";"14";"84"
"21";"POINT (37.6473502778 55.7533283333)";"Покровский б-р (напротив д.18, стр.18)";"False";"Велосипед";"8";"32"
"200";"POINT (37.596925 55.7335583333)";"Фрунзенская наб. (напротив д.4)";"False";"Велосипед";"16";"113"
"201";"POINT (37.5898638889 55.7257472222)";"Фрунзенская наб. (пересеч. с 1-ой Фрунзенской ул.)";"False";"Велосипед";"32";"86"
"204";"POINT (37.5864 55.72175)";"Фрунзенская наб. (пересеч. со 2-й Фрунзенской ул.)";"False";"Велосипед";"12";"54"
"206";"POINT (37.5834861111 55.7191972222)";"Фрунзенская наб. (пересеч. с 3-ей Фрунзенской ул.)";"False";"Велосипед";"14";"54"
"207";"POINT (37.5779888889 55.7155083333)";"Фрунзенская наб, д. 54 (пересеч. с ул. Хамовнический Вал)";"False";"Велосипед";"32";"79"
"210";"POINT (37.5695222222 55.7125583333)";"Лужнецкая наб. (пересеч. с Новолужнецким пр.)";"False";"Велосипед";"45";"117"
"203";"POINT (37.579058 55.724242)";"Комсомольский пр-т (пересеч. со 2-ой Фрунзенской ул.)";"False";"Велосипед";"9";"26"
"205";"POINT (37.575858 55.721972)";"Комсомольский пр-т (пересеч. с 3-ей Фрунзенской ул.)";"False";"Велосипед";"12";"41"
"216";"POINT (37.581356 55.736464)";"ул. Большая Пироговская (напротив д.6/25)";"False";"Велосипед";"12";"31"
"215";"POINT (37.575489 55.733867)";"ул. Большая Пироговская (напротив д.15/18, стр.1)";"False";"Велосипед";"21";"45"
"218";"POINT (37.580778 55.726481)";"Комсомольский пр-т, д.28 (ст. м. Фрунзенская)";"False";"Велосипед";"24";"62"
"214";"POINT (37.569297 55.731139)";"ул. Большая Пироговская, д.2, стр.4";"False";"Велосипед";"12";"25"
"213";"POINT (37.559608 55.726908)";"ул. Большая Пироговская (на площади Новодевичьего Монастыря)";"False";"Велосипед";"18";"24"
"219";"POINT (37.570481 55.719322)";"Комсомольский пр-т, д.48/22 (дублёр, пересеч. с ул. Хамовнический Вал)";"False";"Велосипед";"12";"19"
"120";"POINT (37.614186 55.773194)";"ул. Садовая-Самотечная, д.8";"False";"Велосипед";"18";"37"
"431";"POINT (37.6225279 55.7861479)";"Олимпийский пр-т, д.22";"False";"Велосипед";"12";"25"
"451";"POINT (37.6365455 55.837238)";"ул. Сельскохозяйственная, д.17, к.1";"False";"Велосипед";"12";"18"
"430";"POINT (37.6225146 55.7791071)";"Олимпийский пр-т, д.14";"False";"Велосипед";"12";"31"
"396";"POINT (37.5953863 55.6794909)";"ул. Дмитрия Ульянова, д.46";"False";"Велосипед";"12";"22"
"337";"POINT (37.5341468 55.668303)";"ул. Академика Пилюгина, д.18";"False";"Велосипед";"12";"20"
"208";"POINT (37.565242 55.723833)";"ул. 10-летия Октября (напротив д.29, к.3, ст. м. Спортивная, выход №2)";"False";"Велосипед";"18";"35"
"350";"POINT (37.562443 55.691614)";"ул. Вавилова, д.55/7";"False";"Велосипед";"15";"54"
"23";"POINT (37.632794 55.749635)";"Москворецкая наб. (Китайгородский пр., д.9, стр.2)";"False";"Велосипед";"21";"26"
"77";"POINT (37.628275 55.737812)";"ул. Пятницкая, д.42";"True";"Велосипед";"10";"29"
"73";"POINT (37.6195157 55.7362414)";"ул. Большая Полянка, д.33/41, стр.1";"False";"Велосипед";"12";"50"
"365";"POINT (37.5326129 55.6787267)";"ул. Гарибальди, д.1А";"False";"Велосипед";"12";"23"
"367";"POINT (37.5766175 55.6620326)";"Севастопольский пр-т, д.28, к.4";"False";"Велосипед";"12";"26"
"368";"POINT (37.6080312 55.6592363)";"Симферопольский б-р, д.4";"False";"Велосипед";"12";"18"
"29";"POINT (37.60962 55.762079)";"ул. Тверская, д.8";"False";"Велосипед";"20";"40"
"357";"POINT (37.523769 55.699342)";"Ломоносовский пр-т (дублёр), д.27";"False";"Велосипед";"12";"21"
"43";"POINT (37.59311 55.763584)";"Большой Патриарший пер., д.7";"False";"Велосипед";"12";"55"
"372";"POINT (37.5704328 55.656695)";"ул. Каховка, д.29А";"False";"Велосипед";"12";"39"
"374";"POINT (37.5529893 55.6512748)";"ул. Обручева, д.33А";"False";"Велосипед";"12";"28"
"375";"POINT (37.5639941 55.6502405)";"ул. Обручева, д.65/54";"False";"Велосипед";"12";"38"
"420";"POINT (37.6163822 55.785259)";"ул. Советской Армии, д.2, стр.1";"False";"Велосипед";"12";"16"
"441";"POINT (37.6317848 55.7815506)";"пр-т Мира, д.41, стр.2";"False";"Велосипед";"12";"47"
"470";"POINT (37.623526 55.8217153)";"ул. Академика Королёва, д.8А";"False";"Велосипед";"12";"49"
"480";"POINT (37.5807216 55.8205976)";"ул. Яблочкова, д.18";"False";"Велосипед";"12";"26"
"481";"POINT (37.5805768 55.8278585)";"ул. Милашенкова, д.12Д";"False";"Велосипед";"12";"29"
"389";"POINT (37.4954392 55.6558941)";"ул. 26-ти Бакинских Комиссаров, д.2Б";"False";"Велосипед";"12";"25"
"464";"POINT (37.6010653 55.8302838)";"ул. Ботаническая, д.4, стр.6";"False";"Велосипед";"33";"82"
"465";"POINT (37.617075 55.8243764)";"1-я Останкинская ул., д.1";"False";"Велосипед";"24";"50"
"80";"POINT (37.6265178 55.7456921)";"ул. Пятницкая, д.2/38";"False";"Велосипед";"12";"54"
"81";"POINT (37.6333164 55.7398418)";"ул. Большая Татарская, д.19/13";"False";"Велосипед";"12";"22"
"85";"POINT (37.645458 55.7483533)";"Котельническая наб., д.1";"False";"Велосипед";"12";"26"
"407";"POINT (37.6079968 55.7806984)";"ул. Селезнёвская, д.28";"False";"Велосипед";"12";"23"
"324";"POINT (37.5091053 55.6638804)";"ул. Лобачевского, д.2, стр.1";"False";"Велосипед";"10";"14"
"323";"POINT (37.58531 55.70674)";"ст. м. Ленинский проспект (южный вестибюль)";"False";"Велосипед";"24";"52"
"49";"POINT (37.641517 55.76728)";"ул. Мясницкая, д.39, стр.1";"False";"Велосипед";"10";"11"
"422";"POINT (37.6158903 55.792512)";"ул. Советской Армии, д.17/52";"False";"Велосипед";"12";"25"
"31";"POINT (37.616547 55.759165)";"ул. Большая Дмитровка, д.2";"False";"Велосипед";"12";"38"
"39";"POINT (37.642574 55.759038)";"ул. Покровка, д.7/9-11";"False";"Велосипед";"22";"52"
"58";"POINT (37.654944 55.750628)";"Серебряническая наб., д.29";"False";"Велосипед";"12";"16"
"349";"POINT (37.535522 55.706203)";"Университетская пл. (напротив ГЗ МГУ)";"True";"Велосипед";"24";"70"
"318";"POINT (37.5731731 55.7032184)";"Ленинский пр-т, д.45";"False";"Велосипед";"12";"28"
"332";"POINT (37.5529925 55.6689814)";"ул. Профсоюзная, д.58/32, к.2 (ст. м. Новые Черёмушки, выход №3)";"False";"Велосипед";"24";"76"
"443";"POINT (37.636561 55.8086515)";"пр-т Мира, д.97";"False";"Велосипед";"12";"40"
"393";"POINT (37.5708842 55.6748694)";"Нахимовский пр-т, д.45, стр.1";"False";"Велосипед";"12";"39"
"19";"POINT (37.647211 55.757313)";"Покровский б-р (напротив д.8, стр.1)";"False";"Велосипед";"8";"23"
"30";"POINT (37.612442 55.759361)";"Камергерский пер., д.4";"False";"Велосипед";"14";"56"
"386";"POINT (37.520142 55.6345077)";"ул. Островитянова, д.29/120 (ст. м. Коньково, выход №8)";"False";"Велосипед";"12";"22"
"27";"POINT (37.6046504 55.7566653)";"ул. Большая Никитская (напротив д.13)";"False";"Велосипед";"12";"32"
"59";"POINT (37.612528 55.730772)";"ул. Большая Якиманка, д.16 (ст. м. Октябрьская (радиальная))";"False";"Велосипед";"30";"61"
"222";"POINT (37.558939 55.75685)";"ул. Мантулинская, д.2";"False";"Велосипед";"12";"37"
"388";"POINT (37.6192664 55.6452564)";"Варшавское ш., д.100";"False";"Велосипед";"12";"27"
"233";"POINT (37.587921 55.767711)";"ул. Гашека, д.2, стр.1";"False";"Велосипед";"12";"30"
"395";"POINT (37.5828562 55.6845728)";"ул. Дмитрия Ульянова, д.32А";"False";"Велосипед";"12";"46"
"325";"POINT (37.5942492 55.659118)";"ул. Болотниковская, д.34";"False";"Велосипед";"12";"20"
"244";"POINT (37.576753 55.740264)";"ул. Плющиха, д.39";"False";"Велосипед";"12";"32"
"356";"POINT (37.522672 55.701742)";"Ломоносовский пр-т (дублёр), пересечение с ул. Менделеева";"False";"Велосипед";"12";"35"
"228";"POINT (37.5457088 55.7575043)";"Шмитовский пр., д.16, стр.2";"False";"Велосипед";"12";"29"
"231";"POINT (37.5830376 55.7770608)";"пл. Тверская Застава, д.7";"False";"Велосипед";"27";"51"
"450";"POINT (37.6374584 55.8334316)";"ул. Сергея Эйзенштейна, д.8";"False";"Велосипед";"12";"24"
"50";"POINT (37.599867 55.752609)";"ул. Новый Арбат, д.1";"False";"Велосипед";"12";"40"
"34";"POINT (37.631618 55.766613)";"пл. Сретенские ворота (напротив д.1)";"False";"Велосипед";"15";"43"
"53";"POINT (37.584725 55.752153)";"ул. Новый Арбат, д.21";"False";"Велосипед";"12";"52"
"20";"POINT (37.648355 55.755462)";"Покровский б-р (напротив д.12, стр.1)";"False";"Велосипед";"8";"20"
"11";"POINT (37.613347 55.768066)";"Страстной б-р (напротив д.16)";"False";"Велосипед";"8";"48"
"56";"POINT (37.610828 55.745244)";"Берсеньевская наб., д.20/2 (Театр эстрады)";"False";"Велосипед";"24";"30"
"32";"POINT (37.615807 55.759865)";"ул. Большая Дмитровка, д.5/6, стр.5";"False";"Велосипед";"12";"31"
"75";"POINT (37.625638 55.740815)";"Климентовский пер., д.23, стр.1 (ст. м. Третьяковская)";"False";"Велосипед";"12";"113"
"217";"POINT (37.576903 55.730695)";"ул. Усачева, д.2, стр.1";"False";"Велосипед";"24";"24"
"70";"POINT (37.6202 55.743048)";"Лаврушинский пер. (напротив д.4, стр.1)";"True";"Велосипед";"12";"40"
"310";"POINT (37.578173 55.707107)";"Ленинский пр-т, д.34/1";"False";"Велосипед";"12";"23"
"122";"POINT (37.6212721 55.7730885)";"Цветной б-р., д.34, стр.1";"False";"Велосипед";"24";"63"
"78";"POINT (37.6276564 55.7353228)";"ул. Пятницкая, д.48, стр.1";"False";"Велосипед";"12";"56"
"302";"POINT (37.530764 55.6897298)";"пр-т Вернадского, д.11/19";"False";"Велосипед";"12";"42"
"303";"POINT (37.5045648 55.6765135)";"пр-т Вернадского, д.14";"False";"Велосипед";"12";"50"
"314";"POINT (37.529704 55.6780815)";"Ленинский пр-т, д.86";"False";"Велосипед";"12";"33"
"354";"POINT (37.5072476 55.7105268)";"Ломоносовский пр-т, д.43/40";"False";"Велосипед";"12";"33"
"361";"POINT (37.5521608 55.6846569)";"Ломоносовский пр-т, д.2/62, стр.8";"False";"Велосипед";"12";"26"
"114";"POINT (37.590813 55.766245)";"ул. Большая Садовая, д.1";"False";"Велосипед";"12";"24"
"108";"POINT (37.583633 55.756668)";"Новинский б-р, д.27, стр.2";"False";"Велосипед";"12";"28"
"125";"POINT (37.632814 55.772192)";"Большая Сухаревская пл., д.2 (ст. м. Сухаревская)";"False";"Велосипед";"24";"56"
"37";"POINT (37.639141 55.764719)";"Чистопрудный б-р (ст. м. Чистые пруды)";"False";"Велосипед";"24";"81"
"264";"POINT (37.6231799 55.7290315)";"ул. Люсиновская, д.2 (ст. м. Добрынинская)";"False";"Велосипед";"12";"43"
"355";"POINT (37.514291 55.705293)";"Ломоносовский пр-т, д.29, к.3 (ст. м. Ломоносовский пр-т, выход №2)";"False";"Велосипед";"12";"46"
"82";"POINT (37.615425 55.744008)";"Болотная пл. (напротив к/т Ударник)";"False";"Велосипед";"21";"42"
"466";"POINT (37.6391911 55.825363)";"Продольный пр-д (у главного входа ВДНХ)";"False";"Велосипед";"48";"103"
"330";"POINT (37.5701523 55.6843417)";"ул. Профсоюзная, д.7/12";"False";"Велосипед";"12";"39"
"410";"POINT (37.6089126 55.778327)";"2-й Щемиловский пер., д.14";"False";"Велосипед";"12";"25"
"358";"POINT (37.528489 55.698436)";"Ломоносовский пр-т (дублёр), пересечение с ул. Лебедева";"False";"Велосипед";"12";"41"
"391";"POINT (37.6066403 55.6636625)";"Нахимовский пр-т, д.11 (ст. м. Нахимовский пр-т, выход №4)";"False";"Велосипед";"12";"26"
"432";"POINT (37.6290169 55.7886534)";"ул. Щепкина, д.61/2, стр.22";"False";"Велосипед";"12";"28"
"326";"POINT (37.5807208 55.6534724)";"ул. Каховка, д.10/12, к.1";"False";"Велосипед";"12";"30"
"373";"POINT (37.5964086 55.6523999)";"ул. Азовская, д.24, корп.2 (ст. м. Каховская, выход №2)";"False";"Велосипед";"12";"64"
"247";"POINT (37.5728133 55.7403289)";"7-й Ростовский пер., д.11";"False";"Велосипед";"12";"42"
"483";"POINT (37.6591375 55.7766712)";"Комсомольская пл., д.5";"False";"Велосипед";"32";"32"
"341";"POINT (37.5943736 55.7098155)";"ул. Орджоникидзе, д.11, стр.1/2";"False";"Велосипед";"12";"36"
"378";"POINT (37.594296 55.636752)";"мкрн. Чертаново Северное, д.4, к.401";"False";"Велосипед";"12";"29"
"317";"POINT (37.587744 55.712075)";"Ленинский пр-т, д.33";"False";"Велосипед";"12";"47"
"334";"POINT (37.5256107 55.6420084)";"ул. Профсоюзная, д.104 (ст. м. Беляево, южный вестибюль)";"False";"Велосипед";"12";"44"
"209";"POINT (37.561961 55.721468)";"ст. м. Спортивная (выход №1)";"False";"Велосипед и электровелосипед";"48";
"250";"POINT (37.5393069 55.7481479)";"Пресненская наб., д.6, стр.2 (Москва-Сити, башня Империя)";"False";"Велосипед и электровелосипед";"33";
"245";"POINT (37.5693018 55.7421679)";"пл. Европы, д.2 (у пешеходного моста)";"False";"Велосипед и электровелосипед";"36";
"243";"POINT (37.5517684 55.7331476)";"Бережковская наб., д.20, стр.19";"False";"Велосипед и электровелосипед";"36";
"221";"POINT (37.563289 55.762772)";"ул. Красная Пресня, д.31";"False";"Велосипед и электровелосипед";"36";
"241";"POINT (37.5776708 55.7604391)";"ст. м. Краснопресненская";"False";"Велосипед и электровелосипед";"30";
"220";"POINT (37.567605 55.727227)";"ул. Усачева, д. 26 (Усачёвский рынок)";"False";"Велосипед и электровелосипед";"48";
"1013";"POINT (37.581359231571 55.76043778536)";"Баррикадная";"False";"Самокат";"30";
"1014";"POINT (37.637999693698 55.765240659949)";"Площадь Мясницкие ворота";"False";"Самокат";"20";
"1015";"POINT (37.638925911084 55.764458894838)";"Чистопрудный бульвар";"False";"Самокат";"21";
"1016";"POINT (37.62198100423 55.76776101583)";"Трубная площадь";"False";"Самокат";"28";
"1017";"POINT (37.637507706388 55.729910892875)";"Павелецкая площадь";"False";"Самокат";"23";
"1018";"POINT (37.6285823 55.7418067)";"Пятницкая";"False";"Самокат";"11";
"1019";"POINT (37.625744 55.74078)";"Климентовский переулок";"False";"Самокат";"20";
"1020";"POINT (37.619187 55.736413)";"Большая Полянка";"False";"Самокат";"20";
"1021";"POINT (37.601900108207 55.744828308417)";"Гоголевский бульвар";"False";"Самокат";"25";
"1022";"POINT (37.623993 55.761723)";"Кузнецкий Мост";"False";"Самокат";"21";
"1023";"POINT (37.616841468135 55.759086944615)";"Большая Дмитровка";"False";"Самокат";"24";
"1024";"POINT (37.63459553904 55.75394879513)";"Славянская площадь";"False";"Самокат";"22";
"1025";"POINT (37.408455357275 55.758301951547)";"Осенний Бульвар";"False";"Самокат";"36";
"1028";"POINT (37.512357425447 55.705814129895)";"Ломоносовский";"False";"Самокат";"37";
"1030";"POINT (37.418316 55.740212)";"Ельнинская";"False";"Самокат";"37";
"1031";"POINT (37.508217999889 55.677532132586)";"Проспект Вернадского";"False";"Самокат";"36";
"1034";"POINT (37.400426535626 55.804984977428)";"Строгинский Бульвар";"False";"Самокат";"42";
"1035";"POINT (37.529757789197 55.678129437365)";"Ленинский проспект";"False";"Самокат";"37";
"1036";"POINT (37.555574659235 55.670588094094)";"Черемушки";"False";"Самокат";"40";
"1037";"POINT (37.53738500923 55.69308489912)";"Университет";"False";"Самокат";"38";
